member,event_id,scenario,time,lat,lon,pn_ensemble_gaussian,pn_thermo_ML_gaussian,pn_dyn_adj_local_25_gaussian,pn_analogues_local_gaussian,pn_analogues_lasso_gaussian
r1i1p1f1,0,factual,2004-02-15 12:00:00,43.774647,50.75,0.8687487334780514,0.9286117520490639,0.4341671096573867,0.2533354455103236,0.0
r1i1p1f1,1,factual,2004-06-16 00:00:00,-72.35103,43.23077,0.7208763116210621,0.7616286811033783,0.8488018182649884,0.0,0.6860497437470816
r1i1p1f1,2,factual,2004-12-16 12:00:00,63.05801,151.65254,0.8884479509240867,0.9959773883506032,0.6390479244758327,0.9999895540386163,0.0
r1i1p1f1,3,factual,2005-05-16 12:00:00,-19.54471,21.744186,0.6424604113543284,0.9959620462289083,0.7356740332810057,0.9999999999926181,0.9999991798722004
r1i1p1f1,4,factual,2006-04-16 00:00:00,51.557922,75.0,0.9777538777249835,0.8721582942990905,0.7365278732702333,0.0,0.9393660498385337
r1i1p1f1,5,factual,2006-12-16 12:00:00,52.57959,289.45206,0.9524195300303854,0.9956115409421696,0.9998246068370505,0.9949295515700847,0.0
r1i1p1f1,6,factual,2008-01-16 12:00:00,64.198456,69.65909,0.9993347108365538,0.9497540111792311,0.9516195283949639,0.9960982509658405,0.0
r1i1p1f1,7,factual,2008-07-16 12:00:00,-83.123245,76.3125,0.9423587848987033,0.8174511446999224,0.6649462838984254,0.7194610781913424,0.0
r1i1p1f1,8,factual,2009-01-16 12:00:00,68.59156,310.1389,0.9938904703173123,0.9883128534961962,0.9037610330212729,0.0,0.0
r1i1p1f1,9,factual,2009-07-16 12:00:00,21.218615,81.25,0.9302403673897031,0.9978611251116141,0.911239947573239,0.9996783632567108,0.0
r1i1p1f1,10,factual,2009-11-16 00:00:00,-14.2922535,312.8125,0.8839679523420675,0.999853063754956,0.9636647842830328,0.0,0.9999999995105292
r1i1p1f1,11,factual,2009-11-16 00:00:00,17.267609,8.222222,0.7587163592239398,0.9958365448414737,0.430357108736212,0.8048908423627117,0.9959826933779496
r1i1p1f1,12,factual,2010-01-16 12:00:00,-0.15845072,21.328125,0.584256137471336,0.9999952437722838,0.6921463863696578,0.0,0.9999999999962643
r1i1p1f1,13,factual,2010-02-15 00:00:00,-24.671364,137.22223,0.6285062234128933,0.9816649867162,0.6932006321994739,0.0,0.9999949611533926
r1i1p1f1,14,factual,2010-06-16 00:00:00,-80.511604,340.34927,0.998102538017992,0.8276060802881613,0.9094403953597154,0.9780658217094692,0.9273045964264659
r1i1p1f1,15,factual,2010-06-16 00:00:00,-77.601234,11.666667,0.9990230065142224,0.8000685815268175,0.8391431060090527,0.9719565845846722,0.9885020242938068
r1i1p1f1,16,factual,2010-09-16 00:00:00,-28.896233,124.84694,0.8661573115524459,0.9870024363174175,0.9472464691067546,0.0,0.9999994112265473
r1i1p1f1,17,factual,2010-12-16 12:00:00,68.38157,245.68182,0.9811519111918972,0.9788105051818894,0.8858400431560733,0.6972616035187036,0.33269958360037666
r1i1p1f1,18,factual,2011-01-16 12:00:00,31.99744,266.21213,0.9168060730382639,0.8977447479804633,0.8260847659814325,0.9999967048051318,0.9990107104075843
r1i1p1f1,19,factual,2012-04-16 00:00:00,54.3322,26.077587,0.9943905154005316,0.9739521365832259,0.9835317782865253,0.5264711513173842,0.0
r1i1p1f1,20,factual,2012-07-16 12:00:00,-75.44517,96.875,0.9952315416077626,0.6143667083749145,0.7748872626292355,0.0,0.9998019702752727
r1i1p1f1,21,factual,2012-11-16 00:00:00,70.22536,145.1875,0.9923428485622672,0.9971229981339607,0.9818025392473624,0.5660074540306022,0.9999271894179238
r1i1p1f1,22,factual,2013-02-15 00:00:00,29.915493,66.14286,0.915089303662294,0.986191818318704,0.2107394339602492,0.8212240417352179,0.9986117436519425
r1i1p1f1,23,factual,2013-10-16 12:00:00,-14.66197,310.25,0.8758987997720974,0.9996382835479752,0.8685371053556833,0.0,0.9999990868415374
r1i1p1f1,24,factual,2013-11-16 00:00:00,40.183098,243.3125,0.8922534723124511,0.9776797909766521,0.7685111539998033,0.0,0.9974635390895725
r1i1p1f1,25,factual,2014-02-15 00:00:00,37.014076,272.77274,0.999999943284619,0.9119743181712172,0.9361955138398648,0.9939579674589244,0.0
r1i1p1f1,26,factual,2014-02-15 00:00:00,67.11267,170.20833,0.982689510296807,0.9930399572290358,0.9789453381320862,0.9996995238154035,0.0
r1i1p1f1,27,factual,2014-04-16 00:00:00,52.10002,49.7191,0.9618945830104175,0.965068162068647,0.9981555063746924,0.7457485091544953,0.9200733258234435
r1i1p1f1,28,factual,2014-10-16 12:00:00,-16.608887,306.98718,0.999904395425778,0.9982137294628093,0.8949903274552047,0.9588019349149307,0.9999999636856358
r1i1p1f1,0,counterfactual,2004-02-15 12:00:00,43.774647,50.75,0.6761251002128383,0.0,0.5516931602094002,0.0,0.38337997842454363
r1i1p1f1,1,counterfactual,2004-06-16 00:00:00,-72.35103,43.23077,0.3052619108474032,0.01837193851360852,0.0,0.0,0.1640849408550179
r1i1p1f1,2,counterfactual,2004-12-16 12:00:00,63.05801,151.65254,0.45329366223121437,0.0013758650111910242,0.2946683036105262,0.023833231731186344,0.0
r1i1p1f1,3,counterfactual,2005-05-16 12:00:00,-19.54471,21.744186,0.33046276375359407,0.0,0.2895988787174423,0.49408371611838586,0.0
r1i1p1f1,4,counterfactual,2006-04-16 00:00:00,51.557922,75.0,0.010594757855898362,0.0003811466391153706,0.0,0.0,0.0735142274427033
r1i1p1f1,5,counterfactual,2006-12-16 12:00:00,52.57959,289.45206,0.33295609985808616,0.0,0.20777223445115134,0.13111115927262829,0.3725222954462195
r1i1p1f1,6,counterfactual,2008-01-16 12:00:00,64.198456,69.65909,0.0007544043789441401,0.0,0.0,0.0,0.05654332947269525
r1i1p1f1,7,counterfactual,2008-07-16 12:00:00,-83.123245,76.3125,0.5157983962306558,0.0,0.2329217652635811,0.0,0.0
r1i1p1f1,8,counterfactual,2009-01-16 12:00:00,68.59156,310.1389,5.8308111959282094e-05,0.0,0.00010735091077040959,0.0,0.002164725602696649
r1i1p1f1,9,counterfactual,2009-07-16 12:00:00,21.218615,81.25,0.14632331576851776,0.0,0.0,0.0,0.0
r1i1p1f1,10,counterfactual,2009-11-16 00:00:00,-14.2922535,312.8125,0.3882269653036432,0.0,0.0,0.19007908433664866,0.0
r1i1p1f1,11,counterfactual,2009-11-16 00:00:00,17.267609,8.222222,0.11468878135286431,0.0,0.0,0.00954213913762525,0.0
r1i1p1f1,12,counterfactual,2010-01-16 12:00:00,-0.15845072,21.328125,0.22696269873067154,0.0,0.0009182375033098822,0.0,0.011764475296848875
r1i1p1f1,13,counterfactual,2010-02-15 00:00:00,-24.671364,137.22223,0.22224498558842565,0.0,0.0,0.0,0.0
r1i1p1f1,14,counterfactual,2010-06-16 00:00:00,-80.511604,340.34927,0.4433739996570434,0.0,0.043286526401402736,0.0,0.40601425298948535
r1i1p1f1,15,counterfactual,2010-06-16 00:00:00,-77.601234,11.666667,0.033943476843637965,0.0,0.007410011159165619,0.0,0.3380610590192774
r1i1p1f1,16,counterfactual,2010-09-16 00:00:00,-28.896233,124.84694,0.3133795986218155,0.0,0.0030039890136341896,0.0,0.0
r1i1p1f1,17,counterfactual,2010-12-16 12:00:00,68.38157,245.68182,0.006028549391455251,0.0,0.0,0.02274172507934591,0.0
r1i1p1f1,18,counterfactual,2011-01-16 12:00:00,31.99744,266.21213,0.0062126737655368025,0.0,0.0,0.0,0.0
r1i1p1f1,19,counterfactual,2012-04-16 00:00:00,54.3322,26.077587,0.06402342850894804,0.0,0.0,0.014583970489566278,0.0165484382137413
r1i1p1f1,20,counterfactual,2012-07-16 12:00:00,-75.44517,96.875,0.6068968076626275,0.0,0.08513689743700659,0.7646894556953243,0.0
r1i1p1f1,21,counterfactual,2012-11-16 00:00:00,70.22536,145.1875,0.05836684004810122,0.0,0.0,0.014899471502330064,0.0
r1i1p1f1,22,counterfactual,2013-02-15 00:00:00,29.915493,66.14286,0.100973660602372,0.0,0.001050053327132705,0.0,0.18103857056064265
r1i1p1f1,23,counterfactual,2013-10-16 12:00:00,-14.66197,310.25,0.6393978484785041,0.037560488675392856,0.40840232293832945,0.0,0.7893146908869835
r1i1p1f1,24,counterfactual,2013-11-16 00:00:00,40.183098,243.3125,0.20325739423323852,0.0,0.0,0.10428548127190429,0.13196158324543805
r1i1p1f1,25,counterfactual,2014-02-15 00:00:00,37.014076,272.77274,0.0009253135876660101,0.0,0.0,0.0,0.10139260237226988
r1i1p1f1,26,counterfactual,2014-02-15 00:00:00,67.11267,170.20833,0.3294219892312198,0.0008428009467815745,0.04959035412232016,0.035606726199698624,0.0
r1i1p1f1,27,counterfactual,2014-04-16 00:00:00,52.10002,49.7191,0.6224045828791878,0.011849361496043875,0.0,0.20084053248912248,0.0
r1i1p1f1,28,counterfactual,2014-10-16 12:00:00,-16.608887,306.98718,0.7307904967158636,0.005340387145617687,0.034405222773991495,0.0,0.2841225205682191
r2i1p1f1,0,factual,2005-01-16 12:00:00,15.541948,29.619566,0.70449845341029,0.9881186960083476,0.18614849381134868,0.9999982701015699,0.8399270155877419
r2i1p1f1,1,factual,2006-05-16 12:00:00,-72.3353,147.09677,0.9235835652648611,0.7398122694496456,0.8334680113855342,0.0,0.9986826855983351
r2i1p1f1,2,factual,2007-09-16 00:00:00,-84.75771,292.24576,0.8355531398525105,0.7187748164121375,0.903831732842049,0.29436566891119287,0.0
r2i1p1f1,3,factual,2007-12-16 12:00:00,53.170918,133.10811,0.9027665278342933,0.989834212391134,0.9085799337853188,0.9185747153985205,0.0
r2i1p1f1,4,factual,2009-12-16 12:00:00,-16.670935,131.66667,0.8012099674472034,0.8721963212262596,0.3047525712258917,0.9671310175345762,0.9185284418977977
r2i1p1f1,5,factual,2010-06-16 00:00:00,-81.19232,150.77586,0.9964238266505985,0.7268477780132807,0.8550981592553064,0.0,0.9931651257288105
r2i1p1f1,6,factual,2012-10-16 12:00:00,-5.8504877,304.42307,0.8398163385100166,0.9999809078147834,0.9344998092631525,0.0,0.9999999999108552
r2i1p1f1,7,factual,2013-03-16 12:00:00,22.797983,352.16418,0.928491440019906,0.9993210806410764,0.9878587460196881,0.8666575313708484,0.7944720943338892
r2i1p1f1,8,factual,2013-03-16 12:00:00,28.55993,4.132653,0.834499412090252,0.992233886201684,0.3562577997073296,0.0,0.999761914823451
r2i1p1f1,9,factual,2013-10-16 12:00:00,-29.526468,137.19827,0.9450852095523187,0.8585520841128129,0.9368866200536204,0.9423700735072023,0.9983308661395123
r2i1p1f1,10,factual,2014-01-16 12:00:00,57.048073,249.52982,0.9985953833141237,0.9663344604019678,0.9967314052995544,0.958602321729369,0.0
r2i1p1f1,11,factual,2014-03-16 12:00:00,21.897886,49.1875,0.8944608644789543,0.9974546840419176,0.7183823229283663,0.921542996959567,0.9972227629034002
r2i1p1f1,0,counterfactual,2005-01-16 12:00:00,15.541948,29.619566,0.2732168178826959,0.06890543529772664,0.029259055699788594,0.0,0.2953004175207017
r2i1p1f1,1,counterfactual,2006-05-16 12:00:00,-72.3353,147.09677,0.3850558500145538,0.10111263907088075,0.05211344500734039,0.0,0.0
r2i1p1f1,2,counterfactual,2007-09-16 00:00:00,-84.75771,292.24576,0.24125935945981225,0.017211856565842343,0.0,0.0,0.3098058698129599
r2i1p1f1,3,counterfactual,2007-12-16 12:00:00,53.170918,133.10811,0.4472273763774429,0.13665682723203132,0.20878574011290674,0.0,0.3611739650194292
r2i1p1f1,4,counterfactual,2009-12-16 12:00:00,-16.670935,131.66667,0.15241062261140936,0.007028980121442929,0.0,0.007700973350917906,0.05550922275170944
r2i1p1f1,5,counterfactual,2010-06-16 00:00:00,-81.19232,150.77586,0.17035088230375173,0.01125490371254212,0.030402427854929304,0.2774905598347205,0.04260456113307942
r2i1p1f1,6,counterfactual,2012-10-16 12:00:00,-5.8504877,304.42307,0.3744365071031929,0.047039095979312884,0.0,0.0,0.338372624256576
r2i1p1f1,7,counterfactual,2013-03-16 12:00:00,22.797983,352.16418,0.23086642881067365,0.022917765979253102,0.0,0.20333741062796973,0.0
r2i1p1f1,8,counterfactual,2013-03-16 12:00:00,28.55993,4.132653,0.287792994314262,0.04669438952903049,0.009300879426273445,0.015183151558130326,0.0
r2i1p1f1,9,counterfactual,2013-10-16 12:00:00,-29.526468,137.19827,0.5237592107209703,0.14455778969254496,0.18965276621542626,0.0,0.0
r2i1p1f1,10,counterfactual,2014-01-16 12:00:00,57.048073,249.52982,0.06189135326160511,0.012003099323977029,0.0,0.14593638434765022,0.04157147707778286
r2i1p1f1,11,counterfactual,2014-03-16 12:00:00,21.897886,49.1875,0.4337457348532461,0.14281250156572245,0.08946214391778018,0.0,0.4249945893548238
r3i1p1f1,0,factual,2004-01-16 12:00:00,54.388733,70.63333,0.8776007140046106,0.9340989602354213,0.957141901466653,0.9967722672744344,0.0
r3i1p1f1,1,factual,2004-03-16 12:00:00,31.322891,48.154205,0.6367522929004097,0.9960055806378546,0.7956673115254767,0.984217169610627,0.9951171479224733
r3i1p1f1,2,factual,2005-05-16 12:00:00,-83.01496,311.69272,0.8559551994196479,0.8739861579093907,0.9749749182027315,0.9779015809454219,0.0
r3i1p1f1,3,factual,2006-02-15 00:00:00,39.63615,275.5324,0.8197939172280589,0.988839357940386,0.960079688030725,0.9981521194315247,0.0
r3i1p1f1,4,factual,2007-01-16 12:00:00,65.82705,133.8372,0.9781128932158022,0.9980032025501455,0.9960757719734732,0.0,0.728470063501478
r3i1p1f1,5,factual,2007-04-16 00:00:00,21.006033,20.714285,0.9074878196189589,0.982412208092051,0.2072923190715512,0.0,0.9629167434742878
r3i1p1f1,6,factual,2009-01-16 12:00:00,79.97234,285.49106,0.9986892671584677,0.9954682649033493,0.9906816348704666,0.9999958503043671,0.0
r3i1p1f1,7,factual,2009-02-15 00:00:00,60.704227,261.42856,0.9952710174071729,0.9965128065190605,0.9939391088694493,0.9929906929690919,0.995350409758405
r3i1p1f1,8,factual,2009-11-16 00:00:00,-3.911469,308.14285,0.8716961737731646,0.9999746289074936,0.7967506462937133,1.0,0.9999999999999464
r3i1p1f1,9,factual,2010-02-15 00:00:00,32.48022,83.39041,0.9533902121547305,0.9991035385713328,0.7160327861223545,0.9999980828259125,0.0
r3i1p1f1,10,factual,2010-10-16 12:00:00,-13.389084,309.375,0.9088215844638672,0.9999980511521168,0.8955176234984552,0.0,0.9999999999978328
r3i1p1f1,11,factual,2011-10-16 12:00:00,49.379,85.51136,0.9623311965797156,0.923782486053581,0.8819302730600654,0.9742572125970222,0.9273113332632903
r3i1p1f1,12,factual,2011-12-16 12:00:00,70.94588,111.552635,0.9983606237884557,0.9991276021740444,0.9976314825431885,0.0,0.9998912778757957
r3i1p1f1,13,factual,2012-01-16 12:00:00,35.176052,252.91667,0.8722742860734369,0.9495306776152088,0.8644846913497568,0.0,0.9999997762001884
r3i1p1f1,14,factual,2012-04-16 00:00:00,-71.514084,57.708332,0.993075904646343,0.8923696331099277,0.7257149796595883,0.9999999951460633,0.0
r3i1p1f1,15,factual,2013-01-16 12:00:00,15.35673,10.122951,0.9499995985731058,0.9992590577803467,0.4218750860162288,0.9789109586050089,0.9981018289334022
r3i1p1f1,16,factual,2013-01-16 12:00:00,64.313385,206.00694,0.9973375880614931,0.9845057652625634,0.8856526154231819,0.0,0.9663552162252886
r3i1p1f1,17,factual,2013-02-15 00:00:00,15.244626,30.197369,0.7988611341018959,0.9995475366721891,0.01552162991549133,0.9987973639126103,0.9877813527891719
r3i1p1f1,18,factual,2013-06-16 00:00:00,-89.1055,174.0849,0.9683047197181305,0.9023228135748944,0.9250839293901297,0.9553104791643546,0.8754543703825385
r3i1p1f1,19,factual,2013-12-16 12:00:00,67.55111,152.17741,0.9780157055372349,0.9990644876017631,0.9744752831724984,0.0,0.9939737000191725
r3i1p1f1,20,factual,2014-06-16 00:00:00,-13.275287,27.5,0.7565957029159657,0.9999908421428776,0.983431129226593,0.9986711997624325,0.9999726123132756
r3i1p1f1,21,factual,2014-07-16 12:00:00,-74.061035,92.38426,0.9547882041885175,0.9110969623444285,0.724030490223994,0.0,0.9988557539054552
r3i1p1f1,22,factual,2014-10-16 12:00:00,-14.807103,310.94202,0.8713605287880628,0.999980020989262,0.9726344393881283,0.0,0.9999999999994102
r3i1p1f1,23,factual,2014-12-16 12:00:00,68.60915,252.34375,0.9982242885872933,0.9991745362564461,0.9771906241153739,0.0,0.9780546260895205
r3i1p1f1,0,counterfactual,2004-01-16 12:00:00,54.388733,70.63333,0.08350408299816447,0.05569000937993296,0.001953784946020831,0.06251009045007638,0.053428167455399134
r3i1p1f1,1,counterfactual,2004-03-16 12:00:00,31.322891,48.154205,0.29948538278741255,0.21397927108985715,0.1697478365117162,0.6624387302025476,0.3064915559043302
r3i1p1f1,2,counterfactual,2005-05-16 12:00:00,-83.01496,311.69272,0.19093298944411008,0.0652930365793204,0.0,0.2081115233745744,0.0
r3i1p1f1,3,counterfactual,2006-02-15 00:00:00,39.63615,275.5324,0.15060419260997604,0.05418043013109419,0.0,0.0,0.0
r3i1p1f1,4,counterfactual,2007-01-16 12:00:00,65.82705,133.8372,0.5198305886757499,0.33195444255566,0.16319683311729916,0.0,0.28383422728810503
r3i1p1f1,5,counterfactual,2007-04-16 00:00:00,21.006033,20.714285,0.24615287309841993,0.1210084039763103,0.0,0.0,0.2451987321040482
r3i1p1f1,6,counterfactual,2009-01-16 12:00:00,79.97234,285.49106,0.047021234143585056,0.018386472353309702,0.0,0.12969806007246099,0.03928705734208637
r3i1p1f1,7,counterfactual,2009-02-15 00:00:00,60.704227,261.42856,0.11526373825199732,0.05882925912108816,0.0,0.06232722959491821,0.2190775140419745
r3i1p1f1,8,counterfactual,2009-11-16 00:00:00,-3.911469,308.14285,0.24748755632628439,0.09156832799561243,0.0,0.05665289458107192,0.0
r3i1p1f1,9,counterfactual,2010-02-15 00:00:00,32.48022,83.39041,0.21442743753848292,0.07468422062871616,0.02047010905368407,0.0,0.33124587892606716
r3i1p1f1,10,counterfactual,2010-10-16 12:00:00,-13.389084,309.375,0.5152995175193467,0.3772171350240394,0.0,0.7830176170465363,0.0
r3i1p1f1,11,counterfactual,2011-10-16 12:00:00,49.379,85.51136,0.38496244534554613,0.07897526964820556,0.0,0.0,0.4115517786034091
r3i1p1f1,12,counterfactual,2011-12-16 12:00:00,70.94588,111.552635,0.006492043401072234,0.012823489112893549,0.0,0.0,0.004916974721191236
r3i1p1f1,13,counterfactual,2012-01-16 12:00:00,35.176052,252.91667,0.40364972034394053,0.04187399044072504,0.1039577768452058,0.012569871072284466,0.05738594654081586
r3i1p1f1,14,counterfactual,2012-04-16 00:00:00,-71.514084,57.708332,0.03316307187196088,0.0076777946968293875,0.0,0.06270169672857573,0.0
r3i1p1f1,15,counterfactual,2013-01-16 12:00:00,15.35673,10.122951,0.08148712523433677,0.015605539935489188,0.0,0.03668902803276042,0.001805717455293454
r3i1p1f1,16,counterfactual,2013-01-16 12:00:00,64.313385,206.00694,0.24966426586028456,0.020921598275520537,0.0,0.0,0.17202484088588943
r3i1p1f1,17,counterfactual,2013-02-15 00:00:00,15.244626,30.197369,0.15149004398082744,0.008716352924255877,0.0,0.0,0.058100636916031734
r3i1p1f1,18,counterfactual,2013-06-16 00:00:00,-89.1055,174.0849,0.5839891196309624,0.09824301348966558,0.18453304749857635,0.5898826284998137,0.0
r3i1p1f1,19,counterfactual,2013-12-16 12:00:00,67.55111,152.17741,0.9254075308601641,0.3489124489205573,0.7116937111403607,0.1977946024039603,0.0
r3i1p1f1,20,counterfactual,2014-06-16 00:00:00,-13.275287,27.5,0.4077867701074446,0.12763419919881425,0.24753131403309114,0.5531374952887262,0.7185287178166202
r3i1p1f1,21,counterfactual,2014-07-16 12:00:00,-74.061035,92.38426,0.20953150940921683,0.044422154975160666,0.0,0.0,0.0024601139029235553
r3i1p1f1,22,counterfactual,2014-10-16 12:00:00,-14.807103,310.94202,0.2887016942752396,0.13450503653664347,0.0,0.2740199733409172,0.0
r3i1p1f1,23,counterfactual,2014-12-16 12:00:00,68.60915,252.34375,0.6832678692332498,0.20112104284539445,0.0,0.17031175165139423,0.0
r4i1p1f1,0,factual,2004-07-16 12:00:00,-73.8028,97.888885,0.9042082799220862,0.5550096939878335,0.7708418498963261,0.9829820863003493,0.3613634066110981
r4i1p1f1,1,factual,2005-01-16 12:00:00,58.672035,263.57144,0.8880455401089763,0.977298716569365,0.9718219315630588,0.9592371888397815,0.0
r4i1p1f1,2,factual,2005-07-16 12:00:00,-89.84055,174.76414,0.8429105772994141,0.7070882763131092,0.6289492361457214,0.5138805636250703,0.5563916177068264
r4i1p1f1,3,factual,2005-07-16 12:00:00,-81.12674,138.81818,0.7786943280204848,0.8174074303888226,0.963407904704981,0.9544464223481562,0.9999384062578599
r4i1p1f1,4,factual,2006-02-15 00:00:00,18.814886,7.428571,0.8473530638649307,0.9975360382031451,0.4941290361008567,0.9679548522066024,0.9998858830352612
r4i1p1f1,5,factual,2006-02-15 00:00:00,16.812454,353.75,0.6582862165003323,0.999770066253858,0.7450844233188085,0.990917374058804,0.0
r4i1p1f1,6,factual,2006-04-16 00:00:00,52.028175,258.94446,0.941703294908556,0.8370328188439033,0.9830622024582041,0.0,0.9990100053937343
r4i1p1f1,7,factual,2006-11-16 00:00:00,71.94003,316.9086,0.758644031999789,0.9706706707743572,0.9562348524096733,0.3364344722667679,0.9150908483529752
r4i1p1f1,8,factual,2007-02-15 00:00:00,20.242077,22.03125,0.7504777956373936,0.9894962645983995,0.27675695645099785,0.9334442748185693,0.9969327687438927
r4i1p1f1,9,factual,2007-06-16 00:00:00,-86.32922,140.1302,0.9258329082900687,0.7034864032572812,0.9734898160088822,0.0,0.9883294113075775
r4i1p1f1,10,factual,2007-12-16 12:00:00,63.653904,89.52643,0.9996875991502695,0.9787674758227423,0.9431528905913485,0.9999999238727822,0.988138948428434
r4i1p1f1,11,factual,2009-01-16 12:00:00,44.584507,102.763885,0.842856678910614,0.9823690126030048,0.9816700072875187,0.9999706357157145,0.9998236714196221
r4i1p1f1,12,factual,2009-03-16 12:00:00,46.824585,57.878788,0.9270663873029524,0.9345549571011793,0.8837418270421155,0.4353009350546817,0.9960669336114896
r4i1p1f1,13,factual,2009-05-16 12:00:00,-82.788734,7.9444447,0.5352286265868569,0.6669553392738665,0.9444320761350874,0.9229229817755751,0.0
r4i1p1f1,14,factual,2009-05-16 12:00:00,-82.448875,339.8925,0.991790443584375,0.7664187669541869,0.969605636814492,0.9989330539568189,0.8571590913710452
r4i1p1f1,15,factual,2009-05-16 12:00:00,19.90141,98.5,0.8866924518492302,0.9933251828732651,0.24377077397990432,0.0,0.998265271161604
r4i1p1f1,16,factual,2009-06-16 00:00:00,-30.115238,297.42426,0.7864197294755946,0.8697369079433602,0.5758199746278487,0.9969751227150947,0.0
r4i1p1f1,17,factual,2010-12-16 12:00:00,36.81952,275.75583,0.9349631869250188,0.9730551451948751,0.9824904092268393,0.992628728761573,0.0
r4i1p1f1,18,factual,2011-07-16 12:00:00,-86.71369,163.69403,0.9386635741853521,0.7477187391956925,0.978602081390987,0.9957481291826407,0.0
r4i1p1f1,19,factual,2012-10-16 12:00:00,-10.386188,307.74194,0.905319469650514,0.9999929264113958,0.7866974934410391,0.9774759021016249,0.9999999999999788
r4i1p1f1,20,factual,2012-12-16 12:00:00,57.959248,93.69681,0.9996520732741002,0.971127170973924,0.9944195992257615,0.999446449830611,0.9909820410220043
r4i1p1f1,21,factual,2012-12-16 12:00:00,66.971825,174.08333,0.9962811261838079,0.9847615607467494,0.9849746817470493,0.9811518493196975,0.27054464110900733
r4i1p1f1,22,factual,2013-09-16 00:00:00,-18.211267,302.91666,0.8280778099298994,0.997227482416505,0.5736460672565895,0.0,0.9999999794508657
r4i1p1f1,23,factual,2013-12-16 12:00:00,52.71748,114.06863,0.968381353676272,0.9722204795501391,0.9829753423583812,0.9999611367302916,0.9888632302474136
r4i1p1f1,0,counterfactual,2004-07-16 12:00:00,-73.8028,97.888885,0.09957713082833353,0.0,0.0,0.0,0.0
r4i1p1f1,1,counterfactual,2005-01-16 12:00:00,58.672035,263.57144,0.40114526122817795,0.0,0.23177800988617303,0.3946362234541033,0.0
r4i1p1f1,2,counterfactual,2005-07-16 12:00:00,-89.84055,174.76414,0.3060507968980867,0.0,0.06861550476597844,0.256913883759038,0.0
r4i1p1f1,3,counterfactual,2005-07-16 12:00:00,-81.12674,138.81818,0.5692090528768059,0.0,0.3000882123387113,0.69636487618822,0.677104482031383
r4i1p1f1,4,counterfactual,2006-02-15 00:00:00,18.814886,7.428571,0.27809388101111676,0.0,0.0,0.12227065953430505,0.0
r4i1p1f1,5,counterfactual,2006-02-15 00:00:00,16.812454,353.75,0.2926102157538659,0.0,0.0,0.26225717952266336,0.0
r4i1p1f1,6,counterfactual,2006-04-16 00:00:00,52.028175,258.94446,0.03606748618537903,0.0,0.0,0.0,0.0
r4i1p1f1,7,counterfactual,2006-11-16 00:00:00,71.94003,316.9086,0.6460698200851551,0.0,0.0,0.9024864139347493,0.0
r4i1p1f1,8,counterfactual,2007-02-15 00:00:00,20.242077,22.03125,0.38861135175427497,0.0,0.0,0.0,0.0
r4i1p1f1,9,counterfactual,2007-06-16 00:00:00,-86.32922,140.1302,0.33194173828567797,0.0,0.012736253290286603,0.0,0.0
r4i1p1f1,10,counterfactual,2007-12-16 12:00:00,63.653904,89.52643,0.13163506041081452,0.0,0.0,0.0,0.2202528687285178
r4i1p1f1,11,counterfactual,2009-01-16 12:00:00,44.584507,102.763885,0.10623717013179246,0.0,0.0,0.07678974059848043,0.010579951113233066
r4i1p1f1,12,counterfactual,2009-03-16 12:00:00,46.824585,57.878788,0.13210885863125577,0.0,0.0,0.0827788283632872,0.0
r4i1p1f1,13,counterfactual,2009-05-16 12:00:00,-82.788734,7.9444447,0.209456905286191,0.0,0.0,0.11630323419856514,0.0
r4i1p1f1,14,counterfactual,2009-05-16 12:00:00,-82.448875,339.8925,0.32015007545712526,0.0,0.0,0.35272278822586944,0.0
r4i1p1f1,15,counterfactual,2009-05-16 12:00:00,19.90141,98.5,0.4942553490107532,0.0,0.0,0.0,0.3320691246114771
r4i1p1f1,16,counterfactual,2009-06-16 00:00:00,-30.115238,297.42426,0.19983069846855728,0.0,0.0,0.15400526256854574,0.0
r4i1p1f1,17,counterfactual,2010-12-16 12:00:00,36.81952,275.75583,0.08903557747598934,0.001122397052694235,0.0,0.0,0.023910061919292236
r4i1p1f1,18,counterfactual,2011-07-16 12:00:00,-86.71369,163.69403,0.08641251018123675,0.0068486033042910455,0.0,0.09730136393041433,0.0
r4i1p1f1,19,counterfactual,2012-10-16 12:00:00,-10.386188,307.74194,0.6191249883166122,0.21357702420113578,0.5074658761399101,0.0,0.8827328098674865
r4i1p1f1,20,counterfactual,2012-12-16 12:00:00,57.959248,93.69681,0.934366014258775,0.12718802551064423,0.3410742880148605,0.6739747255097572,0.0
r4i1p1f1,21,counterfactual,2012-12-16 12:00:00,66.971825,174.08333,0.041120786916111096,0.011804142958884878,0.0,0.021137810429245008,0.0
r4i1p1f1,22,counterfactual,2013-09-16 00:00:00,-18.211267,302.91666,0.026358745999056077,0.00039258070073178164,0.0,0.0,0.0
r4i1p1f1,23,counterfactual,2013-12-16 12:00:00,52.71748,114.06863,0.7762176426541617,0.1752760554100139,0.25481054522683133,0.8097634709491497,0.17732776533033257
r5i1p1f1,0,factual,2005-02-15 00:00:00,63.043976,259.1837,0.9389149966376575,0.9562384755904543,0.9115994770157729,0.9993656391993476,0.0
r5i1p1f1,1,factual,2007-02-15 00:00:00,14.171182,14.230769,0.7388620158747892,0.997598642602467,0.1669271605245627,0.0,0.9956836293516846
r5i1p1f1,2,factual,2007-12-16 12:00:00,64.33098,78.229164,0.8785191960995875,0.9923687998238842,0.9941684602743421,0.9999003721409835,0.0
r5i1p1f1,3,factual,2008-01-16 12:00:00,65.563385,29.027779,0.937402945268989,0.9988356317664073,0.9728157588011216,0.7688899686064878,0.9730641650438396
r5i1p1f1,4,factual,2009-01-16 12:00:00,57.733673,43.636364,0.9329754702469903,0.9829098980633909,0.997631357902837,0.9927830517663935,0.0
r5i1p1f1,5,factual,2009-02-15 00:00:00,47.320763,246.12782,0.9916951192175049,0.9835177882920447,0.9892124384742427,0.9872905174635198,0.9999980521205463
r5i1p1f1,6,factual,2009-02-15 00:00:00,79.64788,335.33334,0.9999355274917163,0.9998819633055593,0.574449674447695,0.0,0.999807672586272
r5i1p1f1,7,factual,2012-01-16 12:00:00,49.162537,284.7973,0.9717606160522894,0.9648449162273771,0.9772986097467227,0.9997921461289202,0.9987384313780702
r5i1p1f1,8,factual,2012-11-16 00:00:00,-12.676055,33.910255,0.8208900263087137,0.9998927869351271,0.9609994293160701,0.0,0.9999958079289251
r5i1p1f1,9,factual,2013-04-16 00:00:00,51.97183,70.85107,0.9948703563842053,0.8812532611602638,0.9432536852443664,0.0,0.9970120143187895
r5i1p1f1,10,factual,2013-08-16 12:00:00,-79.60979,223.27869,0.9997880756135546,0.4544892757151928,0.3991799122628039,0.9965874989519813,0.0
r5i1p1f1,11,factual,2014-08-16 12:00:00,-77.35646,269.80768,0.9994256728859701,0.8543504174042842,0.7716217298986219,0.4334833257479165,0.4179699388285203
r5i1p1f1,12,factual,2014-09-16 00:00:00,-10.835982,295.08066,0.7333063057976206,0.9999999997583128,0.9698285798381159,0.999977662719388,1.0
r5i1p1f1,0,counterfactual,2005-02-15 00:00:00,63.043976,259.1837,0.3847480764459382,0.19033245188540204,0.037703709552032505,0.0,0.5504130444145863
r5i1p1f1,1,counterfactual,2007-02-15 00:00:00,14.171182,14.230769,0.1843747851349854,0.1303331915588496,0.0,0.0,0.2852293831102991
r5i1p1f1,2,counterfactual,2007-12-16 12:00:00,64.33098,78.229164,2.6752722813716545e-06,6.440113501771094e-05,0.0,0.0,0.0007363344169137864
r5i1p1f1,3,counterfactual,2008-01-16 12:00:00,65.563385,29.027779,0.8834321286556033,0.8468314702677231,0.8959278221047815,0.0,0.8224673088018977
r5i1p1f1,4,counterfactual,2009-01-16 12:00:00,57.733673,43.636364,0.14510728332277045,0.10929584120117442,0.0,0.10829061389086103,0.1233441571916214
r5i1p1f1,5,counterfactual,2009-02-15 00:00:00,47.320763,246.12782,0.5518089475553145,0.2605815398542274,0.23103698318149346,0.0,0.4120863237397949
r5i1p1f1,6,counterfactual,2009-02-15 00:00:00,79.64788,335.33334,0.1038092535819366,0.11527956245422044,0.008041894952754203,0.034597901103233686,0.04370802613071356
r5i1p1f1,7,counterfactual,2012-01-16 12:00:00,49.162537,284.7973,0.7259809516739761,0.5228773660178403,0.7622143529156691,0.7587366147535684,0.4348795040622807
r5i1p1f1,8,counterfactual,2012-11-16 00:00:00,-12.676055,33.910255,0.22683987560857233,0.11613402168381692,0.0,0.0,0.0
r5i1p1f1,9,counterfactual,2013-04-16 00:00:00,51.97183,70.85107,0.571352645837638,0.5802078657918064,0.2056000723988315,0.0,0.45687075457986215
r5i1p1f1,10,counterfactual,2013-08-16 12:00:00,-79.60979,223.27869,0.8598003957681613,0.0,0.0,0.0,0.0
r5i1p1f1,11,counterfactual,2014-08-16 12:00:00,-77.35646,269.80768,0.7040566483528954,0.2331695535164412,0.10567968948930184,0.0,0.3609145715997749
r5i1p1f1,12,counterfactual,2014-09-16 00:00:00,-10.835982,295.08066,0.5783849913482864,0.9347547596610121,0.4400572245851134,0.0,0.0
r6i1p1f1,0,factual,2004-10-16 12:00:00,42.46479,243.67188,0.832557555544137,0.9391099767351657,0.9239865766772868,0.07335395909212095,0.9402864987548711
r6i1p1f1,1,factual,2005-01-16 12:00:00,64.95025,50.114677,0.8944080818303439,0.9840626281300937,0.9625717089986746,0.9998131579436353,0.0
r6i1p1f1,2,factual,2005-02-15 00:00:00,50.95775,95.625,0.7680746767873738,0.8195474213541316,0.8766218211472142,0.819239662642097,0.0
r6i1p1f1,3,factual,2005-02-15 00:00:00,62.215675,110.3125,0.5093558547264732,0.9775600061863958,0.999681017208834,0.9980884064103076,0.0
r6i1p1f1,4,factual,2005-03-16 12:00:00,47.7281,61.467392,0.9088886632252557,0.7374457570178033,0.6548994083713904,0.0,0.247177155117979
r6i1p1f1,5,factual,2005-07-16 12:00:00,-7.278509,291.6129,0.460657466729258,0.9999526819337551,0.8414272742619724,0.9995398734259996,0.9999629756826248
r6i1p1f1,6,factual,2005-10-16 12:00:00,-5.691291,306.12244,0.670020241152393,0.9994279824214211,0.8460472171198452,0.9999999999999997,1.0
r6i1p1f1,7,factual,2005-11-16 00:00:00,-5.312759,308.75,0.5318496271526321,0.9994249072089906,0.8744940960957496,1.0,1.0
r6i1p1f1,8,factual,2006-12-16 12:00:00,61.989006,227.31708,0.7036902361453542,0.9084058559716288,0.6992658503491795,0.9899587967032975,0.0
r6i1p1f1,9,factual,2007-10-16 12:00:00,-15.422535,303.33334,0.7082448006202584,0.9813069532469523,0.6444086056152112,0.0,0.9994411234150152
r6i1p1f1,10,factual,2008-01-16 12:00:00,32.10025,91.47059,0.9799133402975556,0.9277659815693408,0.904229296001168,0.9999999802723741,0.0
r6i1p1f1,11,factual,2008-01-16 12:00:00,55.80413,293.31396,0.6949699668809663,0.9743125381457972,0.9999751259580675,0.0,0.7474549990410753
r6i1p1f1,12,factual,2008-02-15 12:00:00,67.81691,66.5,0.90992844115457,0.9649619937679479,0.9704074704194687,0.9999632824733417,0.0
r6i1p1f1,13,factual,2008-06-16 00:00:00,-73.989334,52.184685,0.4530690935915588,0.8738287415859373,0.9791540911361754,0.0,0.9756374811573193
r6i1p1f1,14,factual,2008-11-16 00:00:00,77.93794,313.3203,0.9901027714369983,0.9733437825787703,0.8832766788852064,0.9977334252251152,0.0
r6i1p1f1,15,factual,2009-03-16 12:00:00,18.760563,353.0,0.9076437504599599,0.9987239183951924,0.8953174916714232,0.8556107047851182,0.7330913474517919
r6i1p1f1,16,factual,2010-01-16 12:00:00,16.300617,12.34375,0.7537551529574346,0.989965193003034,0.6282949655991883,0.0,0.5046382595494596
r6i1p1f1,17,factual,2010-09-16 00:00:00,-24.480635,304.53125,0.8965580731950771,0.9666712425617066,0.7025944860201855,0.9694917287899621,0.9953113821507361
r6i1p1f1,18,factual,2010-12-16 12:00:00,59.85677,90.4661,0.9627624415454634,0.8866940014667181,0.9183626832946239,0.9840856277219513,0.0
r6i1p1f1,19,factual,2011-02-15 00:00:00,32.82605,270.487,0.9927935033696205,0.9606447564465315,0.9385979977400467,0.9998603755827469,0.9994650120292933
r6i1p1f1,20,factual,2011-10-16 12:00:00,-29.05742,135.52884,0.8827563099731788,0.9830829279742351,0.9836306948805771,0.0,0.998917837037888
r6i1p1f1,21,factual,2011-12-16 12:00:00,59.681854,99.64706,0.9889945974897166,0.9288153018130809,0.8950458981097853,0.970361171345376,0.0
r6i1p1f1,22,factual,2012-01-16 12:00:00,56.13218,243.5577,0.998105631032921,0.8888985989791748,0.9221219455760761,0.999968516504924,0.0
r6i1p1f1,23,factual,2012-01-16 12:00:00,61.205185,46.079544,0.9607664371566753,0.9472981150556118,0.99182496446702,0.974141978650849,0.0
r6i1p1f1,24,factual,2012-07-16 12:00:00,-87.076065,69.03333,0.8302278496885853,0.8548404652159043,0.9246101005165823,0.0,0.9145084207522313
r6i1p1f1,25,factual,2013-02-15 00:00:00,20.71453,48.048782,0.9927703543590874,0.985381555019963,0.836068842688872,0.9991801434833414,0.5452657260974876
r6i1p1f1,26,factual,2013-12-16 12:00:00,56.19718,262.66666,0.9702366842932708,0.8673623257107278,0.9798485142891281,0.9254059482334877,0.8682675711867757
r6i1p1f1,27,factual,2014-02-15 00:00:00,18.549294,5.25,0.8908462190056152,0.997620234319782,0.36494798033581477,0.9976891956183591,0.999834257422507
r6i1p1f1,28,factual,2014-02-15 00:00:00,16.151749,351.7742,0.9985030682949361,0.9982449629170704,0.6614227876675202,0.9999669214648019,0.8897262663157665
r6i1p1f1,29,factual,2014-03-16 12:00:00,27.344067,9.892858,0.9946011951144379,0.9965615407024976,0.07414265820714838,0.5644905302907447,0.9978514878086445
r6i1p1f1,0,counterfactual,2004-10-16 12:00:00,42.46479,243.67188,0.4316715529050299,0.022498010906680244,0.31455913514443234,0.24115177039820335,0.5377314420041495
r6i1p1f1,1,counterfactual,2005-01-16 12:00:00,64.95025,50.114677,0.11816308660616626,0.007286720938422087,0.02433140991896987,0.0,0.33635213795085184
r6i1p1f1,2,counterfactual,2005-02-15 00:00:00,50.95775,95.625,0.17610753917931854,0.020458625191510538,0.035884577326859346,0.0,0.3633591144981897
r6i1p1f1,3,counterfactual,2005-02-15 00:00:00,62.215675,110.3125,0.27371499917483855,0.021390320229974225,0.054580370787634,0.0,0.3946096578669288
r6i1p1f1,4,counterfactual,2005-03-16 12:00:00,47.7281,61.467392,0.1292094013612367,0.009610534236012436,0.014054812086492618,0.0,0.09742379098982423
r6i1p1f1,5,counterfactual,2005-07-16 12:00:00,-7.278509,291.6129,0.11900582572414209,0.0002909182087695861,0.0002527776554326344,0.0,0.006711567599144375
r6i1p1f1,6,counterfactual,2005-10-16 12:00:00,-5.691291,306.12244,0.4492622997559508,0.16881730416896312,0.635262226883815,0.7907018307292863,0.8093790294411883
r6i1p1f1,7,counterfactual,2005-11-16 00:00:00,-5.312759,308.75,0.3258692521911821,0.09258360664613574,0.27690743593351086,0.0,0.8170202048176589
r6i1p1f1,8,counterfactual,2006-12-16 12:00:00,61.989006,227.31708,0.4878539609643998,0.016665125107603873,0.10534151560786031,0.3077772512374052,0.0
r6i1p1f1,9,counterfactual,2007-10-16 12:00:00,-15.422535,303.33334,0.15601299640043642,0.003921956273189253,0.03170542484932726,0.0,0.024765365475964307
r6i1p1f1,10,counterfactual,2008-01-16 12:00:00,32.10025,91.47059,0.53097288176931,0.0,0.360673181845672,0.3389395151115665,0.0
r6i1p1f1,11,counterfactual,2008-01-16 12:00:00,55.80413,293.31396,0.09556786871351541,0.009094112874002525,0.0,0.0,0.06252403160814868
r6i1p1f1,12,counterfactual,2008-02-15 12:00:00,67.81691,66.5,0.0030638532452373912,0.0015123674251220631,0.0,0.0,0.057711162013812545
r6i1p1f1,13,counterfactual,2008-06-16 00:00:00,-73.989334,52.184685,0.27438562790917365,0.012396709946763229,0.0,0.0,0.5335240324889443
r6i1p1f1,14,counterfactual,2008-11-16 00:00:00,77.93794,313.3203,0.020548771608725147,0.004465938465668562,0.0,0.0508289596757161,0.0
r6i1p1f1,15,counterfactual,2009-03-16 12:00:00,18.760563,353.0,0.6570616722279252,0.09750716540084503,0.2856682585353618,0.8974614187249087,0.3482088553171858
r6i1p1f1,16,counterfactual,2010-01-16 12:00:00,16.300617,12.34375,0.06333656370860141,6.972332270804849e-05,0.0,0.0,0.0024861225669137177
r6i1p1f1,17,counterfactual,2010-09-16 00:00:00,-24.480635,304.53125,0.5577035366343683,0.010054943138762984,0.0,0.0,0.35221745670824534
r6i1p1f1,18,counterfactual,2010-12-16 12:00:00,59.85677,90.4661,0.3545520602468294,0.053664705490138576,0.17024128629011104,0.0,0.6469099931280111
r6i1p1f1,19,counterfactual,2011-02-15 00:00:00,32.82605,270.487,0.11455926106629821,0.003332783520008431,0.0,0.07343443327765498,0.0
r6i1p1f1,20,counterfactual,2011-10-16 12:00:00,-29.05742,135.52884,0.33611754954662476,0.016271354888455436,0.0,0.10534902581436023,0.0
r6i1p1f1,21,counterfactual,2011-12-16 12:00:00,59.681854,99.64706,0.8308899666928817,0.11300578004977724,0.47016584200049605,0.7318371978248115,0.9473328763041979
r6i1p1f1,22,counterfactual,2012-01-16 12:00:00,56.13218,243.5577,0.12100964926618685,0.01118390171237782,0.050426462558563534,0.07084187362530847,0.0
r6i1p1f1,23,counterfactual,2012-01-16 12:00:00,61.205185,46.079544,0.39638457746403843,0.03784373807157004,0.13891037961290242,0.09826132670414522,0.33014721235716604
r6i1p1f1,24,counterfactual,2012-07-16 12:00:00,-87.076065,69.03333,0.02807651982018411,0.0017788578149119383,0.0,0.0806363796641627,0.009721848208437023
r6i1p1f1,25,counterfactual,2013-02-15 00:00:00,20.71453,48.048782,0.8086045057939892,0.05598890101954768,0.09809764443611402,0.5762241715169587,0.0
r6i1p1f1,26,counterfactual,2013-12-16 12:00:00,56.19718,262.66666,0.00031346193598724703,1.1027242803218762e-05,0.0,0.0,0.0
r6i1p1f1,27,counterfactual,2014-02-15 00:00:00,18.549294,5.25,0.10341093198867235,0.0,0.0,0.0,0.007651838203875161
r6i1p1f1,28,counterfactual,2014-02-15 00:00:00,16.151749,351.7742,0.006790683590228164,0.0,0.0,0.0,0.006988987569639948
r6i1p1f1,29,counterfactual,2014-03-16 12:00:00,27.344067,9.892858,0.9464762126059558,0.03980936725674433,0.4433548696610211,0.0,0.8867826250975201
r7i1p1f1,0,factual,2004-12-16 12:00:00,73.0,320.8611,0.9587709281127467,0.9950288745874536,0.9933625652146362,0.0,0.0
r7i1p1f1,1,factual,2005-02-15 00:00:00,67.37812,260.28845,0.9305067610559716,0.9799024204698169,0.9593938499461503,0.9659631614132681,0.0
r7i1p1f1,2,factual,2006-02-15 00:00:00,25.171024,23.782467,0.6736064344586925,0.9948490849456181,0.9521286340130064,0.0,0.9795044249779307
r7i1p1f1,3,factual,2006-11-16 00:00:00,70.39436,114.0,0.9326922064115784,0.9919915860013059,0.9581697689156887,0.9999920711439267,0.0
r7i1p1f1,4,factual,2007-01-16 12:00:00,13.151408,28.75,0.7893077221674559,0.9930019288063315,0.7397872486714883,0.999632558681392,0.9999880745395999
r7i1p1f1,5,factual,2007-06-16 00:00:00,-68.40982,125.241936,0.9918168642666813,0.5859223991258646,0.9621956831240847,0.32227051544766405,0.985592031408788
r7i1p1f1,6,factual,2007-07-16 12:00:00,57.12148,125.078125,0.977460066642969,0.9756814221834524,0.9944817900276635,0.0,0.999871711610159
r7i1p1f1,7,factual,2007-12-16 12:00:00,51.948357,292.68518,0.8798210735127596,0.9889899766124896,0.9998971519434358,0.9284388162845801,0.0
r7i1p1f1,8,factual,2007-12-16 12:00:00,73.28345,319.14062,0.985904600099224,0.9471736126732777,0.873741745847631,0.8522533068165226,0.0
r7i1p1f1,9,factual,2008-05-16 12:00:00,-79.01409,257.67856,0.9768582541973595,0.5658677354011937,0.8406963544622796,0.9992974909902346,0.0
r7i1p1f1,10,factual,2011-02-15 00:00:00,44.97815,90.86207,0.959305899536207,0.9062765511221387,0.6008635672762539,0.9983573519756745,0.8357273280912656
r7i1p1f1,11,factual,2011-12-16 12:00:00,56.209793,81.45522,0.9864269920886481,0.9320233938474453,0.988300902693064,0.18302796767669027,0.0
r7i1p1f1,12,factual,2012-01-16 12:00:00,70.866325,100.37736,0.9997129063214745,0.9931972162595538,0.9038557875000535,0.9999998565468392,0.508140380605359
r7i1p1f1,13,factual,2012-07-16 12:00:00,-83.60739,177.34506,0.973411257677045,0.9645792583269849,0.983627252501157,0.0,0.9872583426712783
r7i1p1f1,14,factual,2012-12-16 12:00:00,33.031235,269.74637,0.9907189812798,0.9755857143266656,0.8622611018952548,0.9999825233741055,0.8779611334833958
r7i1p1f1,15,factual,2013-01-16 12:00:00,65.75193,152.8629,0.9999780634757397,0.96234837012195,0.9897614931195501,0.9632365331459769,0.9960678695873875
r7i1p1f1,16,factual,2014-05-16 12:00:00,-87.369995,162.84187,0.9848827215118859,0.8284779314097872,0.7530775738777178,0.0,0.9867392651313581
r7i1p1f1,17,factual,2014-05-16 12:00:00,-27.517603,138.28125,0.9073163016841296,0.9792414711039044,0.9833216256176145,0.0,0.992967598386467
r7i1p1f1,18,factual,2014-06-16 00:00:00,-19.140844,143.33333,0.7262972125603956,0.9848436779192139,0.9590230575600619,0.0,0.9982657470984763
r7i1p1f1,0,counterfactual,2004-12-16 12:00:00,73.0,320.8611,0.09887714318963148,0.0,0.001706679753425755,0.0,0.0
r7i1p1f1,1,counterfactual,2005-02-15 00:00:00,67.37812,260.28845,0.0124434301854911,0.0,0.0,0.0,0.0
r7i1p1f1,2,counterfactual,2006-02-15 00:00:00,25.171024,23.782467,0.42767563770478423,0.0,0.4376326252824889,0.9782731976408312,0.0
r7i1p1f1,3,counterfactual,2006-11-16 00:00:00,70.39436,114.0,0.014852020467615246,0.0,0.0,0.0064005187998267266,0.0
r7i1p1f1,4,counterfactual,2007-01-16 12:00:00,13.151408,28.75,0.056579953942723415,0.0,0.0,0.0,0.0
r7i1p1f1,5,counterfactual,2007-06-16 00:00:00,-68.40982,125.241936,5.284618438516908e-05,0.0,0.0,0.000984159877298274,0.0
r7i1p1f1,6,counterfactual,2007-07-16 12:00:00,57.12148,125.078125,0.1841167387883329,0.0,0.0,0.02310310875710664,0.0
r7i1p1f1,7,counterfactual,2007-12-16 12:00:00,51.948357,292.68518,0.0197592101269376,0.0,0.0,0.0,0.018564441877360838
r7i1p1f1,8,counterfactual,2007-12-16 12:00:00,73.28345,319.14062,0.04832056094446213,0.0,0.0,0.0,0.012752379727995589
r7i1p1f1,9,counterfactual,2008-05-16 12:00:00,-79.01409,257.67856,0.005286432183545742,0.0,0.0,0.0,0.044283163516840585
r7i1p1f1,10,counterfactual,2011-02-15 00:00:00,44.97815,90.86207,0.11673156877892032,0.0,0.0,0.0,0.08145995784566484
r7i1p1f1,11,counterfactual,2011-12-16 12:00:00,56.209793,81.45522,0.00037839031314912397,0.0,0.0,0.0029724636887135114,0.0
r7i1p1f1,12,counterfactual,2012-01-16 12:00:00,70.866325,100.37736,0.04286860340652976,0.0,0.0,0.00746640598293169,0.0
r7i1p1f1,13,counterfactual,2012-07-16 12:00:00,-83.60739,177.34506,0.81849940873045,0.0,0.8449786279307965,0.9624559748641011,0.8674663714768254
r7i1p1f1,14,counterfactual,2012-12-16 12:00:00,33.031235,269.74637,0.34269847728380876,0.0,0.0,0.0,0.0
r7i1p1f1,15,counterfactual,2013-01-16 12:00:00,65.75193,152.8629,0.0,0.0,0.0,0.0,0.0
r7i1p1f1,16,counterfactual,2014-05-16 12:00:00,-87.369995,162.84187,0.030866479436024497,0.0,0.0,0.005559073265189229,0.017849354515254268
r7i1p1f1,17,counterfactual,2014-05-16 12:00:00,-27.517603,138.28125,0.36909587309430025,0.0,0.0,0.007510547895294595,0.0
r7i1p1f1,18,counterfactual,2014-06-16 00:00:00,-19.140844,143.33333,0.18825402611985775,0.0,0.0,0.1372717424882689,0.05123922115694968
r8i1p1f1,0,factual,2004-01-16 12:00:00,-22.240717,124.545456,0.7274765402571229,0.8042206593045907,0.8411057847439555,0.0,0.9604530599182184
r8i1p1f1,1,factual,2006-01-16 12:00:00,66.855965,210.64516,0.9528251370200138,0.8139260800722967,0.8112145531518171,0.0,0.999999999999869
r8i1p1f1,2,factual,2006-02-15 00:00:00,30.576185,68.63636,0.6977090817604599,0.9219194422164034,0.59062510172411,0.9999819187076868,0.15514936869249885
r8i1p1f1,3,factual,2006-08-16 12:00:00,-83.77562,301.05173,0.8758216199301847,0.8322365638675239,0.9243163056790032,0.4886320177605985,0.0
r8i1p1f1,4,factual,2007-02-15 00:00:00,12.94292,42.17105,0.7433691847769628,0.9994772748986005,0.8419842449019355,0.0,0.0
r8i1p1f1,5,factual,2007-08-16 12:00:00,-11.353339,292.66306,0.7492334715714419,0.9999977631967752,0.9495295000519542,0.9999998606561431,0.9999995067276475
r8i1p1f1,6,factual,2007-10-16 12:00:00,-10.436619,20.333334,0.7710240585040876,0.999904815114597,0.9958726972289393,0.0,0.9999998894361676
r8i1p1f1,7,factual,2008-01-16 12:00:00,64.93412,109.879036,0.9554258867623916,0.9715785625474452,0.9281097913577535,0.9999998034359627,0.0
r8i1p1f1,8,factual,2008-02-15 12:00:00,29.31338,265.85938,0.9567082360307544,0.9757588094525794,0.8261440225249266,0.9984851012512638,0.0
r8i1p1f1,9,factual,2009-01-16 12:00:00,72.116486,117.0946,0.987219334363952,0.993526170437382,0.997988888839971,0.0,0.9999368651737709
r8i1p1f1,10,factual,2009-06-16 00:00:00,-80.51106,112.28571,0.9879661250285562,0.7286408720282147,0.9853762639533507,0.0,0.9991760613721259
r8i1p1f1,11,factual,2009-06-16 00:00:00,-77.71671,33.59155,0.9149745796817028,0.7209183362645433,0.8400523836170416,0.0,0.9995596091115355
r8i1p1f1,12,factual,2009-06-16 00:00:00,-70.24989,94.1129,0.9075321621813321,0.6128012423770177,0.8791983128450066,0.0,0.0
r8i1p1f1,13,factual,2010-07-16 12:00:00,56.661976,14.3125,0.7237836632216776,0.9383928540758939,0.916362473921211,0.0,0.9827923723174026
r8i1p1f1,14,factual,2011-02-15 00:00:00,29.219387,257.41525,0.9587176218218338,0.9717643346805193,0.7733181322533873,0.9993579470600115,0.9851846077290917
r8i1p1f1,15,factual,2011-02-15 00:00:00,43.918804,122.05882,0.9614442586297669,0.9403713244802719,0.9241933025740017,0.5842498618303864,0.0
r8i1p1f1,16,factual,2012-01-16 12:00:00,63.405636,37.0,0.9508773521334951,0.9844103120738635,0.9917619596972332,0.0,0.9938015118079077
r8i1p1f1,17,factual,2012-04-16 00:00:00,-88.253525,166.0,0.9541199710476345,0.7909652569152734,0.5828951374842835,0.0,0.9942964475049104
r8i1p1f1,18,factual,2013-01-16 12:00:00,65.44014,172.75,0.9964784896663863,0.9799094471349516,0.9330277691336106,0.7727295931041347,0.9839158750893163
r8i1p1f1,19,factual,2014-11-16 00:00:00,-15.9624405,28.148148,0.8935403791046707,0.9961987489819585,0.8447350205161164,0.0,0.995879386133765
r8i1p1f1,0,counterfactual,2004-01-16 12:00:00,-22.240717,124.545456,0.3452393714733477,0.0,0.0,0.0,0.0
r8i1p1f1,1,counterfactual,2006-01-16 12:00:00,66.855965,210.64516,0.10693569372737244,0.0,0.0,0.11717891376806899,0.028965904524381636
r8i1p1f1,2,counterfactual,2006-02-15 00:00:00,30.576185,68.63636,0.04110855699443228,0.0,0.0,0.04412199472492773,0.05130614236725306
r8i1p1f1,3,counterfactual,2006-08-16 12:00:00,-83.77562,301.05173,0.023132006568583052,0.0,0.0,0.015041118924518981,0.003461194421321534
r8i1p1f1,4,counterfactual,2007-02-15 00:00:00,12.94292,42.17105,0.2665224572751411,0.0,0.0,0.0,0.0
r8i1p1f1,5,counterfactual,2007-08-16 12:00:00,-11.353339,292.66306,0.3783995622902835,0.0,0.0,0.0,0.4945181727811556
r8i1p1f1,6,counterfactual,2007-10-16 12:00:00,-10.436619,20.333334,0.2546273207031843,0.0,0.0,0.0,0.13983305867425033
r8i1p1f1,7,counterfactual,2008-01-16 12:00:00,64.93412,109.879036,0.9257112849204014,0.0,0.9654296448180489,0.9474323005648229,0.2838668268290214
r8i1p1f1,8,counterfactual,2008-02-15 12:00:00,29.31338,265.85938,0.3950193376926415,0.0,0.052935994096183325,0.3838941554534214,0.365280778397595
r8i1p1f1,9,counterfactual,2009-01-16 12:00:00,72.116486,117.0946,0.04813391908124065,0.0,0.0005091131305579033,0.049746913692216954,0.061228432601118876
r8i1p1f1,10,counterfactual,2009-06-16 00:00:00,-80.51106,112.28571,0.882990166900766,0.0,0.48268177599380946,0.7522071559460789,0.0
r8i1p1f1,11,counterfactual,2009-06-16 00:00:00,-77.71671,33.59155,0.6332549760509095,0.0,0.14706669531238936,0.031875917694627165,0.0
r8i1p1f1,12,counterfactual,2009-06-16 00:00:00,-70.24989,94.1129,0.7933457353463339,0.0,0.33036726565322383,0.910621704128242,0.0
r8i1p1f1,13,counterfactual,2010-07-16 12:00:00,56.661976,14.3125,0.4028544961668894,0.0,0.10760145712854174,0.0,0.2550677011342736
r8i1p1f1,14,counterfactual,2011-02-15 00:00:00,29.219387,257.41525,0.4934377665308921,0.0,0.1185008560097891,0.21189050403680643,0.014996967989774457
r8i1p1f1,15,counterfactual,2011-02-15 00:00:00,43.918804,122.05882,0.8327167109102088,0.0,0.7063691973888093,0.0,0.0
r8i1p1f1,16,counterfactual,2012-01-16 12:00:00,63.405636,37.0,0.9001260198918037,0.0,0.6984455975401358,0.9788164778782177,0.0
r8i1p1f1,17,counterfactual,2012-04-16 00:00:00,-88.253525,166.0,0.23408663748460745,0.0,0.0,0.0,0.2215121933630141
r8i1p1f1,18,counterfactual,2013-01-16 12:00:00,65.44014,172.75,0.17693374887651236,0.0,0.01552778704881741,0.0,0.17645401543838124
r8i1p1f1,19,counterfactual,2014-11-16 00:00:00,-15.9624405,28.148148,0.33652277036010747,0.0,0.0,0.05191075215101948,0.07103200794076103
r9i1p1f1,0,factual,2005-01-16 12:00:00,61.190784,136.64772,0.9298279352680979,0.9985289598173975,0.9999120332726051,0.0,0.9997496445985744
r9i1p1f1,1,factual,2005-12-16 12:00:00,54.312027,263.84616,0.9223849300391039,0.9219262895145452,0.9714464362178304,0.9845187937567078,0.0
r9i1p1f1,2,factual,2006-02-15 00:00:00,38.661976,108.4375,0.7659787884239505,0.9789571319309017,0.8594881420635341,0.9939115973767106,0.9527685912772615
r9i1p1f1,3,factual,2007-04-16 00:00:00,52.008053,54.0,0.938561820871649,0.9122884974208262,0.9963131186838975,0.0,0.997928500779562
r9i1p1f1,4,factual,2007-12-16 12:00:00,65.64387,266.29465,0.997450708764601,0.9881104064613496,0.9929525045212774,0.9985864429973831,0.9360672360370591
r9i1p1f1,5,factual,2008-05-16 12:00:00,-86.96213,203.66379,0.9724225877160964,0.924586278405574,0.9993942492074425,0.0,0.9888283746364223
r9i1p1f1,6,factual,2009-02-15 00:00:00,65.938126,169.95535,0.999853583330189,0.9940451552932132,0.9045460505829953,0.0,0.9995705113129023
r9i1p1f1,7,factual,2010-09-16 00:00:00,-8.583501,295.0,0.7509940503716165,0.999999997852065,0.8963744455788615,0.9999999999999895,0.9999999999134749
r9i1p1f1,8,factual,2010-12-16 12:00:00,78.51699,317.58823,0.9984299696836556,0.9932640157166109,0.8784179320200882,0.9998372325738255,0.5646731565317723
r9i1p1f1,9,factual,2011-01-16 12:00:00,19.09331,5.8854165,0.8321099064295927,0.9995747889781786,0.33864339224932805,0.9999575538751394,0.9998428089047527
r9i1p1f1,10,factual,2011-01-16 12:00:00,59.05048,134.29776,0.9936464299824732,0.9992802983623859,0.9708074744424217,0.9999999962302251,0.9994830826785315
r9i1p1f1,11,factual,2013-04-16 00:00:00,25.314833,352.05884,0.9432327060618287,0.9984324399864591,0.8727264461160427,0.0,0.9998950583225951
r9i1p1f1,12,factual,2014-02-15 00:00:00,66.72806,28.653847,0.9793757595299202,0.9987129476695461,0.9587647161862168,0.9482191423833204,0.7725889631040923
r9i1p1f1,13,factual,2014-10-16 12:00:00,-9.480634,309.6354,0.8307805845693312,0.9999998510853074,0.5889464550115747,0.0,1.0
r9i1p1f1,14,factual,2014-11-16 00:00:00,-5.6305275,310.93024,0.8502382123802286,0.9999988904253457,0.0,0.0,1.0
r9i1p1f1,0,counterfactual,2005-01-16 12:00:00,61.190784,136.64772,0.14414441792625587,0.12640471644852247,0.0,0.11277229318212989,0.0
r9i1p1f1,1,counterfactual,2005-12-16 12:00:00,54.312027,263.84616,0.11129750006254735,0.07301315942093367,0.0,0.0,0.0
r9i1p1f1,2,counterfactual,2006-02-15 00:00:00,38.661976,108.4375,0.05210631331273152,0.009326677065337297,0.0,0.0,0.005182033417003407
r9i1p1f1,3,counterfactual,2007-04-16 00:00:00,52.008053,54.0,0.3232894928746102,0.12467727977556053,0.0,0.0,0.342687814255603
r9i1p1f1,4,counterfactual,2007-12-16 12:00:00,65.64387,266.29465,0.6824674037712106,0.2647681940732146,0.2190037863657449,0.583639419123984,0.3270261157996295
r9i1p1f1,5,counterfactual,2008-05-16 12:00:00,-86.96213,203.66379,0.37344067700054795,0.09941429567812066,0.058507663494623,0.13809235799843023,0.0
r9i1p1f1,6,counterfactual,2009-02-15 00:00:00,65.938126,169.95535,0.2692089395016508,0.11436381714323396,0.0,0.027691295852878106,0.19717918497985643
r9i1p1f1,7,counterfactual,2010-09-16 00:00:00,-8.583501,295.0,0.2908535819817287,0.21000550806573237,0.0,0.0,0.0
r9i1p1f1,8,counterfactual,2010-12-16 12:00:00,78.51699,317.58823,0.6234783740556442,0.20741614283459253,0.015403606252317403,0.6746197143815567,0.0
r9i1p1f1,9,counterfactual,2011-01-16 12:00:00,19.09331,5.8854165,0.2143346094402262,0.10925082151916621,0.0,0.007588361076683481,0.0
r9i1p1f1,10,counterfactual,2011-01-16 12:00:00,59.05048,134.29776,0.1912845986194115,0.14233956883491683,0.0,0.1360430373936805,0.0
r9i1p1f1,11,counterfactual,2013-04-16 00:00:00,25.314833,352.05884,0.39586277589926033,0.14542824379195962,0.0,0.0,0.0
r9i1p1f1,12,counterfactual,2014-02-15 00:00:00,66.72806,28.653847,0.10766361444229178,0.09830837999195197,0.0,0.24631807435649355,0.0
r9i1p1f1,13,counterfactual,2014-10-16 12:00:00,-9.480634,309.6354,0.2044742630451416,0.06441720597192946,0.0,0.03974101276899544,0.0
r9i1p1f1,14,counterfactual,2014-11-16 00:00:00,-5.6305275,310.93024,0.3030462646808041,0.5963964604328459,0.4223438862860247,0.800023656116004,0.0
r10i1p1f1,0,factual,2004-01-16 12:00:00,48.882812,92.160194,0.8548159667405563,0.9835841597112608,0.9578956111241994,0.9966919153397125,0.0
r10i1p1f1,1,factual,2004-02-15 12:00:00,34.503605,59.73577,0.5580642643507343,0.9932535281484612,0.7673948292005027,0.0,0.8386251602226006
r10i1p1f1,2,factual,2004-04-16 00:00:00,-68.52993,128.59375,0.7625746135566519,0.8375299091677669,0.8430574653832686,0.0,0.8687222944905447
r10i1p1f1,3,factual,2006-03-16 12:00:00,46.3232,260.48245,0.8519891327041312,0.9111810051998502,0.9894884573314536,0.4531762941994232,0.6004145216432841
r10i1p1f1,4,factual,2007-01-16 12:00:00,65.830986,93.5,0.9912429176647403,0.9960261993962728,0.9886867627036505,0.9957621908829483,0.0
r10i1p1f1,5,factual,2007-02-15 00:00:00,20.114902,352.5,0.8668654656499019,0.9992762856880372,0.862124842040728,0.39736064933849224,0.946413725280014
r10i1p1f1,6,factual,2007-02-15 00:00:00,76.8298,327.3729,0.9900657065032881,0.9989142935973969,0.9284697936696245,0.9997815793590852,0.3372260033115302
r10i1p1f1,7,factual,2007-04-16 00:00:00,44.1489,285.57144,0.7919939323524354,0.9917288262504145,0.9965034105186946,0.9501234685128144,0.0
r10i1p1f1,8,factual,2008-03-16 12:00:00,33.338028,66.0,0.9495458834786857,0.9819673421478867,0.5726455590876967,0.11986108641901672,0.9395485846818008
r10i1p1f1,9,factual,2008-05-16 12:00:00,-83.27196,282.78845,0.9382588463237831,0.9129066883212646,0.9149448407408556,0.9756541950055442,0.9561821883056812
r10i1p1f1,10,factual,2008-12-16 12:00:00,48.31641,114.18604,0.9816785670514951,0.9804767178323646,0.9741169059636607,0.9918701988548485,0.999594271745848
r10i1p1f1,11,factual,2009-09-16 00:00:00,-81.54067,11.428572,0.9364776616169214,0.8213094667535884,0.7033564490591016,0.0,0.9756901600054938
r10i1p1f1,12,factual,2010-01-16 12:00:00,63.85991,42.2973,0.9395328405507017,0.9970872182509635,0.9744263663771113,0.8395544207671912,0.0
r10i1p1f1,13,factual,2010-02-15 00:00:00,69.61551,78.175674,0.42980326339867114,0.9996638913908961,0.888164882217136,0.9999008380498235,0.0
r10i1p1f1,14,factual,2010-03-16 12:00:00,27.601091,110.40323,0.956950779502863,0.9887959730299196,0.7721541398567204,0.99133595657441,0.9999983504963963
r10i1p1f1,15,factual,2011-03-16 12:00:00,24.49562,37.567566,0.9097861029532588,0.9999098256279287,0.0,0.999985314676476,0.0
r10i1p1f1,16,factual,2011-11-16 00:00:00,70.31875,137.76315,0.9534707682711181,0.9991087421764879,0.9629409198935269,0.1389105639934176,0.996554988780679
r10i1p1f1,17,factual,2012-01-16 12:00:00,62.527527,239.0,0.9966586032846989,0.973922751090822,0.9105825127483854,0.4465494729786055,0.999485536284863
r10i1p1f1,18,factual,2012-06-16 00:00:00,-74.91549,271.91666,0.9788480779190059,0.902104277446106,0.6531882071707101,0.9996391064962227,0.0
r10i1p1f1,19,factual,2013-01-16 12:00:00,51.90295,130.81522,0.9763588344227787,0.9998097071385875,0.996468948395429,0.9655969966501519,0.9483675192288575
r10i1p1f1,20,factual,2013-01-16 12:00:00,56.79888,73.82,0.9946941990422342,0.9830797700390975,0.9672018976391478,0.7923510872874934,0.36289944436266974
r10i1p1f1,21,factual,2013-03-16 12:00:00,45.09054,59.69388,0.9729271424880069,0.9781499084160229,0.9108292490382967,0.0,0.9999999959663822
r10i1p1f1,22,factual,2013-05-16 12:00:00,-77.19719,18.0625,0.9893361170057356,0.7399123141332031,0.7496746857506661,0.0,0.0
r10i1p1f1,23,factual,2013-11-16 00:00:00,69.214516,254.96794,0.9964927316491621,0.9990063890497499,0.998756153069185,0.9668682772566192,0.0
r10i1p1f1,24,factual,2013-12-16 12:00:00,54.96799,256.28787,0.9683811398885245,0.9451864606872773,0.8995820888720704,0.9922515122255581,0.0
r10i1p1f1,25,factual,2014-03-16 12:00:00,34.184464,110.72581,0.9999926476222308,0.9595953633766875,0.828623835296294,0.9999940419675293,0.0
r10i1p1f1,26,factual,2014-09-16 00:00:00,-74.86158,36.03448,0.9609937774326004,0.8669035398369782,0.9634284882080382,0.0,0.9994263598911218
r10i1p1f1,0,counterfactual,2004-01-16 12:00:00,48.882812,92.160194,0.0004076001611569291,0.0,0.0,0.0,0.024727089405928493
r10i1p1f1,1,counterfactual,2004-02-15 12:00:00,34.503605,59.73577,0.030543543175899135,0.0,0.0,0.0010825150193229938,0.0
r10i1p1f1,2,counterfactual,2004-04-16 00:00:00,-68.52993,128.59375,0.11780670782645264,0.0,0.0,0.0,0.0
r10i1p1f1,3,counterfactual,2006-03-16 12:00:00,46.3232,260.48245,0.3572530424633258,0.0,0.0,0.22411854065036563,0.04358944904994089
r10i1p1f1,4,counterfactual,2007-01-16 12:00:00,65.830986,93.5,0.024510961551526766,0.0002442464751681861,0.0,0.008787441692352571,0.0
r10i1p1f1,5,counterfactual,2007-02-15 00:00:00,20.114902,352.5,0.20120528045605013,0.0,0.0,0.0,0.3225737455861436
r10i1p1f1,6,counterfactual,2007-02-15 00:00:00,76.8298,327.3729,0.10874602523450405,0.0,0.0,0.0,0.26009019242207354
r10i1p1f1,7,counterfactual,2007-04-16 00:00:00,44.1489,285.57144,0.2953446092814266,0.0,0.0,0.32324098563697246,0.3033621454527501
r10i1p1f1,8,counterfactual,2008-03-16 12:00:00,33.338028,66.0,0.3519559016672512,0.0,0.0010412748793301452,0.0,0.21244423917643118
r10i1p1f1,9,counterfactual,2008-05-16 12:00:00,-83.27196,282.78845,0.7495305010003941,0.0,0.4779628428736875,0.0,0.7268355228889374
r10i1p1f1,10,counterfactual,2008-12-16 12:00:00,48.31641,114.18604,0.25193163695301113,0.0,0.0,0.0,0.0
r10i1p1f1,11,counterfactual,2009-09-16 00:00:00,-81.54067,11.428572,0.00017170084457795998,0.0,0.0,0.0013696006652637038,0.0005663254730953193
r10i1p1f1,12,counterfactual,2010-01-16 12:00:00,63.85991,42.2973,0.7674180761651789,0.0,0.27029626998876843,0.0,0.6116754359977302
r10i1p1f1,13,counterfactual,2010-02-15 00:00:00,69.61551,78.175674,0.23010614518770356,0.0,0.0,0.0,0.19537476391917874
r10i1p1f1,14,counterfactual,2010-03-16 12:00:00,27.601091,110.40323,0.20614727328443638,0.0,0.0,0.12354077838599575,0.2076292356036239
r10i1p1f1,15,counterfactual,2011-03-16 12:00:00,24.49562,37.567566,0.33028107538281193,0.0,0.0004467555541044499,0.1934279849452909,0.0
r10i1p1f1,16,counterfactual,2011-11-16 00:00:00,70.31875,137.76315,0.0024012595753036825,0.0,0.0,0.0,0.0008412907385594304
r10i1p1f1,17,counterfactual,2012-01-16 12:00:00,62.527527,239.0,0.651240711920853,0.0,0.03252476531130777,0.6253502741950018,0.0
r10i1p1f1,18,counterfactual,2012-06-16 00:00:00,-74.91549,271.91666,0.060818347854792565,0.0,0.0,0.01402728671510578,0.08246588584255743
r10i1p1f1,19,counterfactual,2013-01-16 12:00:00,51.90295,130.81522,0.5231516066930901,0.0,0.14039235953310292,0.5079538104156276,0.0
r10i1p1f1,20,counterfactual,2013-01-16 12:00:00,56.79888,73.82,0.2422771951154974,0.0,0.0028842910720843218,0.19154899611021992,0.0
r10i1p1f1,21,counterfactual,2013-03-16 12:00:00,45.09054,59.69388,0.5864736820170835,0.0,0.022760240273169252,0.6345389326323334,0.0
r10i1p1f1,22,counterfactual,2013-05-16 12:00:00,-77.19719,18.0625,0.5274756900952393,0.0,0.13002554265728938,0.33217141970942776,0.0
r10i1p1f1,23,counterfactual,2013-11-16 00:00:00,69.214516,254.96794,0.2718320817179142,0.0,0.0,0.0,0.0
r10i1p1f1,24,counterfactual,2013-12-16 12:00:00,54.96799,256.28787,0.5883757462819872,0.0,0.00835171905286769,0.4545836656674781,0.12315330605280417
r10i1p1f1,25,counterfactual,2014-03-16 12:00:00,34.184464,110.72581,0.09133615061199296,0.0,0.006311523062644597,0.15033201800868645,0.0
r10i1p1f1,26,counterfactual,2014-09-16 00:00:00,-74.86158,36.03448,0.3485386305213295,0.0,0.008703559422236329,0.3491351701617982,0.0
